STT,Tiêu Đề Bài Viết,Từ Khóa SEO Chính,Nhóm Chuyên Mục,Tóm Tắt Nội Dung,Link Kêu Gọi Hành Động,Trạng Thái
1,BNI Topaz Chapter Online: Mô Hình Kết Nối Giao Thương Đột Phá Kỷ Nguyên Số,BNI Topaz Chapter Online, BNI Online, kết nối giao thương trực tuyến,tin-tuc,Khám phá mô hình BNI Topaz Chapter Online giúp chủ doanh nghiệp kết nối giao thương không giới hạn địa lý và tối ưu chi phí vận hành. Tìm hiểu ngay!,https://my.luviet.com/register,Chưa đăng
2,Tại Sao Chủ Doanh Nghiệp Thời Đại Mới Chọn Họp BNI Topaz Online Thay Vì Offline?,họp BNI Online, lợi ích BNI Topaz, kết nối doanh nhân online,tin-tuc,Phân tích lợi thế tiết kiệm 3 giờ di chuyển và chi phí hội họp mỗi tuần khi tham gia BNI Topaz Chapter Online. Đột phá hiệu quả giao thương ngay!,https://my.luviet.com/register,Chưa đăng
3,Triết Lý Givers Gain (Cho Là Nhận) Được Vận Hành Như Thế Nào Tại BNI Topaz Chapter?,triết lý Givers Gain, văn hóa BNI, BNI Topaz Chapter,kien-thuc,Tìm hiểu cách các chủ doanh nghiệp tại BNI Topaz Chapter ứng dụng triết lý Cho Là Nhận để cùng nhau phát triển doanh số và kiến tạo giá trị bền vững.,https://my.luviet.com/register,Chưa đăng
4,Bí Quyết Nhận Hàng Trăm Cơ Hội Kinh Doanh (Referral) Chất Lượng Tại BNI Topaz Online,cơ hội kinh doanh BNI, nhận referral BNI, BNI Topaz Online,tin-tuc,Bật mí chiến lược xây dựng uy tín cá nhân và nhận referral đều đặn mỗi tuần từ mạng lưới doanh nhân chất lượng tại BNI Topaz Chapter Online.,https://my.luviet.com/register,Chưa đăng
5,Quy Tắc Độc Quyền Ngành Nghề Tại BNI Topaz: Lợi Thế Cạnh Tranh Tuyệt Đối Cho Bạn,độc quyền ngành nghề BNI, lợi thế thành viên BNI, BNI Topaz,tin-tuc,Mỗi ngành nghề chỉ 1 đại diện duy nhất tại BNI Topaz. Khám phá cách giữ vị thế độc quyền để thâu tóm toàn bộ cơ hội kinh doanh trong Chapter.,https://my.luviet.com/register,Chưa đăng
6,Quy Trình 1-2-1 Đỉnh Cao Tại BNI Topaz: Biến Mối Quan Hệ Thành Đơn Hàng Lớn,kỹ năng 1-2-1 BNI, quy trình kết nối BNI, BNI Topaz Chapter,kien-thuc,Hướng dẫn quy trình 1-2-1 bài bản giúp thấu hiểu sâu sắc sản phẩm của đối tác và chuyển đổi thành những hợp đồng tiền tỷ cho doanh nghiệp.,https://my.luviet.com/register,Chưa đăng
7,Bài Thuyết Trình 30 Giây Tại BNI Topaz: Công Thức Giới Thiệu Bản Thân Chốt Hợp Đồng,thuyết trình 30s BNI, pitch giới thiệu doanh nghiệp, BNI Topaz,kien-thuc,Công thức xây dựng bài giới thiệu 30 giây cô đọng, sắc bén, kích hoạt nhu cầu tìm kiếm khách hàng tiềm năng ngay trong buổi họp BNI Topaz.,https://my.luviet.com/register,Chưa đăng
8,Khách Mời Được Gì Khi Tham Gia Buổi Họp BNI Topaz Chapter Online Sáng Thứ Năm?,tham quan BNI Topaz, khách mời BNI Online, kết nối doanh nhân,tin-tuc,Trải nghiệm không khí giao thương năng lượng cao của 50+ chủ doanh nghiệp và cơ hội mở rộng đối tác kinh doanh ngay trong buổi họp đầu tiên.,https://my.luviet.com/register,Chưa đăng
9,Cách Mở Rộng Thị Trường Toàn Quốc Mà Không Cần Mở Chi Nhánh Nhờ BNI Topaz Online,mở rộng thị trường toàn quốc, mạng lưới BNI Online, BNI Topaz,tin-tuc,Chiến lược tận dụng mạng lưới hội viên BNI trên khắp các tỉnh thành để đưa sản phẩm phủ sóng toàn quốc với chi phí 0 đồng.,https://my.luviet.com/register,Chưa đăng
10,Chuyển Đổi Số Trong Giao Thương B2B: Bài Học Thực Chiến Từ BNI Topaz Chapter,chuyển đổi số B2B, giao thương trực tuyến, BNI Topaz Chapter,tin-tuc,Khám phá cách BNI Topaz ứng dụng công cụ họp trực tuyến và nền tảng số để đo lường, theo dõi doanh số giao thương hàng chục tỷ đồng mỗi năm.,https://my.luviet.com/register,Chưa đăng
11,7 Giá Trị Cốt Lõi Của BNI Giúp Doanh Nhân Topaz Chapter Đứng Vững Trong Khủng Hoảng,giá trị cốt lõi BNI, văn hóa BNI Topaz, kỹ năng lãnh đạo doanh nghiệp,kien-thuc,Tìm hiểu 7 giá trị nền tảng: Givers Gain, Xây dựng quan hệ, Học tập suốt đời... đã tôi luyện bản lĩnh cho các chủ doanh nghiệp BNI Topaz ra sao.,https://my.luviet.com/register,Chưa đăng
12,Xây Dựng Đội Ngũ Bán Hàng 50 Người Miễn Phí Cùng BNI Topaz Chapter Online,đội ngũ bán hàng miễn phí, kết nối BNI Topaz, referral marketing,tin-tuc,Biến các chủ doanh nghiệp trong Chapter thành những giám đốc kinh doanh đại diện cho sản phẩm của bạn hoàn toàn tự nguyện và hiệu quả.,https://my.luviet.com/register,Chưa đăng
13,Tại Sao BNI Topaz Chapter Online Thu Hút Ngày Càng Nhiều Doanh Nhân Trẻ Thế Hệ Mới?,doanh nhân trẻ BNI, thế hệ doanh nhân số, BNI Topaz Online,tin-tuc,Tốc độ, sự linh hoạt và văn hóa hỗ trợ lẫn nhau là chìa khóa khiến BNI Topaz trở thành điểm đến lý tưởng của các nhà sáng lập trẻ khởi nghiệp.,https://my.luviet.com/register,Chưa đăng
14,Đo Lường Hiệu Quả Tham Gia BNI Topaz: Chỉ Số KPI Và Giá Trị Thực Tế Mang Lại,chỉ số KPI BNI, đo lường hiệu quả BNI, BNI Topaz Chapter,kien-thuc,Giải mã các chỉ số Attendance, One-to-One, Referral, CEU tại BNI Topaz và mối liên hệ trực tiếp đến sự tăng trưởng doanh thu của công ty bạn.,https://my.luviet.com/register,Chưa đăng
15,Nghệ Thuật Trao Referral Đỉnh Cao Tại BNI Topaz: Làm Sao Để Cơ Hội Chắc Chắn Thành Tiền?,nghệ thuật trao referral, cơ hội kinh doanh chất lượng, BNI Topaz,kien-thuc,Cách tìm kiếm và trao đi những referral cấp độ 4, 5 (khách hàng đã sẵn sàng ký hợp đồng) giúp gia tăng uy tín và nhận lại giá trị tương xứng.,https://my.luviet.com/register,Chưa đăng
16,Khắc Phục Rào Cản Họp Online: Cách BNI Topaz Giữ Lửa Năng Lượng Đỉnh Cao Mỗi Sáng,văn hóa họp online, năng lượng BNI Topaz, kết nối trực tuyến hiệu quả,tin-tuc,Bí quyết tạo không khí hào hứng, gắn kết chặt chẽ như họp trực tiếp dù mọi thành viên đang ngồi tại các thành phố khác nhau.,https://my.luviet.com/register,Chưa đăng
17,Power Team Trong BNI Topaz Là Gì? Đòn Bẩy Nhân Doanh Thu Bằng Nhóm Ngành Bổ Trợ,Power Team BNI, nhóm ngành bổ trợ BNI, BNI Topaz,kien-thuc,Chiến lược liên minh giữa các ngành nghề có cùng tệp khách hàng để cùng nhau bán chéo sản phẩm và tạo ra những gói giải pháp trọn gói siêu khủng.,https://my.luviet.com/register,Chưa đăng
18,Kinh Nghiệm Chuẩn Bị Bài Showcase 8 Phút Thuyết Phục Triệu Đô Tại BNI Topaz Chapter,showcase 8 phút BNI, bài diễn thuyết kinh doanh, BNI Topaz,kien-thuc,Cấu trúc bài thuyết trình 8 phút mẫu giúp phác họa chân dung khách hàng mơ ước và hướng dẫn đồng đội cách thức bán hàng hộ bạn hiệu quả nhất.,https://my.luviet.com/register,Chưa đăng
19,Xây Dựng Thương Hiệu Cá Nhân Chuẩn Doanh Nhân Uy Tín Cùng BNI Topaz Online,thương hiệu cá nhân doanh nhân, uy tín BNI Topaz, networking B2B,tin-tuc,Cách tận dụng sân chơi BNI Topaz để nâng tầm hình ảnh chuyên gia, khẳng định vị thế dẫn đầu trong ngành nghề kinh doanh của bạn.,https://my.luviet.com/register,Chưa đăng
20,Vì Sao Chủ Doanh Nghiệp Vừa & Nhỏ (SMEs) Cần Tham Gia BNI Topaz Ngay Hôm Nay?,giải pháp cho SMEs, phát triển doanh nghiệp nhỏ, BNI Topaz Chapter,tin-tuc,Giải quyết bài toán cô đơn trong kinh doanh, thiếu chiến lược marketing và bế tắc nguồn khách mới nhờ sức mạnh cộng đồng BNI Topaz.,https://my.luviet.com/register,Chưa đăng
21,Văn Hóa Cảm Ơn Bằng Doanh Thu (Thank You For Closed Business) Tại BNI Topaz,Thank You For Closed Business, văn hóa biết ơn BNI, BNI Topaz,tin-tuc,Ý nghĩa của con số doanh thu thực tế được trao đi và lời cảm ơn chân thành – thước đo giá trị cao quý nhất của một cộng đồng doanh nhân.,https://my.luviet.com/register,Chưa đăng
22,Kỹ Năng Đặt Câu Hỏi Để Khơi Gợi Nhu Cầu Kinh Doanh Cho Đồng Đội BNI Topaz,kỹ năng networking, khơi gợi nhu cầu BNI, BNI Topaz Chapter,kien-thuc,Học cách lắng nghe và đặt câu hỏi thông minh khi giao tiếp với đối tác bên ngoài để mang về những referral giá trị cho các thành viên trong Chapter.,https://my.luviet.com/register,Chưa đăng
23,Học Tập Suốt Đời (Lifelong Learning): Chương Trình Đào Tạo Độc Quyền Tại BNI Topaz,học tập suốt đời BNI, đào tạo doanh nhân BNI, BNI Topaz,kien-thuc,Tiếp cận kho tàng tri thức quản trị kinh doanh chuẩn quốc tế từ BNI University giúp các chủ doanh nghiệp liên tục đổi mới tư duy và kỹ năng.,https://my.luviet.com/register,Chưa đăng
24,Bí Quyết Vận Hành Chapter BNI Đạt Danh Hiệu Chapter Kim Cương Xuất Sắc,chapter kim cương BNI, thành công BNI Topaz, phát triển chapter BNI,tin-tuc,Những bài học kinh nghiệm từ ban điều hành BNI Topaz trong việc giữ vững kỷ luật, gắn kết thành viên và duy trì doanh số giao thương kỷ lục.,https://my.luviet.com/register,Chưa đăng
25,Lợi Thế Kết Nối Xuyên Biên Giới Cùng Các Chapter BNI Quốc Tế Nhờ Nền Tảng Online,giao thương quốc tế BNI, BNI Global, BNI Topaz Online,tin-tuc,Cách thức các thành viên BNI Topaz bắt tay với các doanh nghiệp BNI tại Mỹ, Nhật Bản, Singapore... để xuất khẩu hàng hóa và mở rộng dịch vụ.,https://my.luviet.com/register,Chưa đăng
26,Chi Phí Tham Gia BNI Topaz Là Bao Nhiêu? Phân Tích Bài Toán Đầu Tư Hay Chi Phí,chi phí gia nhập BNI, đầu tư BNI Topaz, hiệu quả tham gia BNI,tin-tuc,Bóc tách chi phí thẻ thành viên BNI và so sánh với lợi nhuận thu về từ các hợp đồng kinh tế. Tại sao đây là khoản đầu tư sinh lời cao nhất?,https://my.luviet.com/register,Chưa đăng
27,Vai Trò Của Ban Điều Hành (LT) Trong Sự Thành Công Bứt Phá Của BNI Topaz Chapter,ban điều hành BNI, Leadership Team BNI, BNI Topaz,tin-tuc,Sự phụng sự thầm lặng và chuyên nghiệp của Chủ tịch, Phó Chủ tịch và các Trưởng ban giúp cỗ máy BNI Topaz vận hành chuẩn xác từng giây.,https://my.luviet.com/register,Chưa đăng
28,Giải Pháp Đột Phá Cho Doanh Nghiệp Bán Lẻ & Dịch Vụ Tiếp Cận Khách Hàng Doanh Nhân,B2B marketing BNI, khách hàng doanh nghiệp, BNI Topaz,tin-tuc,Cách đưa sản phẩm/dịch vụ của bạn vào giỏ quà tặng, phúc lợi doanh nghiệp và sử dụng nội bộ của hàng chục công ty thành viên BNI Topaz.,https://my.luviet.com/register,Chưa đăng
29,Lịch Trình 1 Buổi Họp Chuẩn 20 Bước Của BNI Topaz Chapter Diễn Ra Như Thế Nào?,quy trình họp BNI, 20 bước họp BNI, BNI Topaz Online,kien-thuc,Khám phá quy trình họp chuẩn hóa quốc tế 90 phút: chính xác, chặt chẽ, tập trung 100% vào việc tìm kiếm và trao đổi cơ hội kinh doanh.,https://my.luviet.com/register,Chưa đăng
30,Hướng Dẫn Đăng Ký Tham Quan BNI Topaz Chapter Online Ngay Tuần Này,đăng ký tham quan BNI, kết nối BNI Topaz, tham dự BNI Online,tin-tuc,Các bước đăng ký tham dự buổi họp trực tuyến BNI Topaz, chuẩn bị bài giới thiệu và đón nhận cơ hội hợp tác kinh doanh bùng nổ cùng 50+ CEO.,https://my.luviet.com/register,Chưa đăng
